config_basename,prompt_id,prompt_id_cs,prompt_id_ctrl,layer,avg_euclidean_distance_layer,activation_type_source,reduction_method,final_components,pca_components,norm_method,umap_neighbors,umap_min_dist,tsne_perplexity,calculation_space
llama3.2-3b-config_cs_suite_reduce_umap_residual_3d-02,logical_data_claim_12_pos_mod_cs,logical_data_claim_12_pos_mod_cs,logical_data_claim_12_neutral_ctrl,0,1.8097011513180203,residual_stream,UMAP,3,50,,15,0.1,N/A,full
llama3.2-3b-config_cs_suite_reduce_umap_residual_3d-02,logical_data_claim_12_pos_mod_cs,logical_data_claim_12_pos_mod_cs,logical_data_claim_12_neutral_ctrl,1,2.3624360296461315,residual_stream,UMAP,3,50,,15,0.1,N/A,full
llama3.2-3b-config_cs_suite_reduce_umap_residual_3d-02,logical_data_claim_12_pos_mod_cs,logical_data_claim_12_pos_mod_cs,logical_data_claim_12_neutral_ctrl,2,3.2444824642605252,residual_stream,UMAP,3,50,,15,0.1,N/A,full
llama3.2-3b-config_cs_suite_reduce_umap_residual_3d-02,logical_data_claim_12_pos_mod_cs,logical_data_claim_12_pos_mod_cs,logical_data_claim_12_neutral_ctrl,3,3.9599982367621527,residual_stream,UMAP,3,50,,15,0.1,N/A,full
llama3.2-3b-config_cs_suite_reduce_umap_residual_3d-02,logical_data_claim_12_pos_mod_cs,logical_data_claim_12_pos_mod_cs,logical_data_claim_12_neutral_ctrl,4,4.449582576751709,residual_stream,UMAP,3,50,,15,0.1,N/A,full
llama3.2-3b-config_cs_suite_reduce_umap_residual_3d-02,logical_data_claim_12_pos_mod_cs,logical_data_claim_12_pos_mod_cs,logical_data_claim_12_neutral_ctrl,5,4.73556481467353,residual_stream,UMAP,3,50,,15,0.1,N/A,full
llama3.2-3b-config_cs_suite_reduce_umap_residual_3d-02,logical_data_claim_12_pos_mod_cs,logical_data_claim_12_pos_mod_cs,logical_data_claim_12_neutral_ctrl,6,5.047258059183757,residual_stream,UMAP,3,50,,15,0.1,N/A,full
llama3.2-3b-config_cs_suite_reduce_umap_residual_3d-02,logical_data_claim_12_pos_mod_cs,logical_data_claim_12_pos_mod_cs,logical_data_claim_12_neutral_ctrl,7,5.3802343474494085,residual_stream,UMAP,3,50,,15,0.1,N/A,full
llama3.2-3b-config_cs_suite_reduce_umap_residual_3d-02,logical_data_claim_12_pos_mod_cs,logical_data_claim_12_pos_mod_cs,logical_data_claim_12_neutral_ctrl,8,5.566987037658691,residual_stream,UMAP,3,50,,15,0.1,N/A,full
llama3.2-3b-config_cs_suite_reduce_umap_residual_3d-02,logical_data_claim_12_pos_mod_cs,logical_data_claim_12_pos_mod_cs,logical_data_claim_12_neutral_ctrl,9,5.5702804989284935,residual_stream,UMAP,3,50,,15,0.1,N/A,full
llama3.2-3b-config_cs_suite_reduce_umap_residual_3d-02,logical_data_claim_12_pos_mod_cs,logical_data_claim_12_pos_mod_cs,logical_data_claim_12_neutral_ctrl,10,5.63961574766371,residual_stream,UMAP,3,50,,15,0.1,N/A,full
llama3.2-3b-config_cs_suite_reduce_umap_residual_3d-02,logical_data_claim_12_pos_mod_cs,logical_data_claim_12_pos_mod_cs,logical_data_claim_12_neutral_ctrl,11,6.035986158582899,residual_stream,UMAP,3,50,,15,0.1,N/A,full
llama3.2-3b-config_cs_suite_reduce_umap_residual_3d-02,logical_data_claim_12_pos_mod_cs,logical_data_claim_12_pos_mod_cs,logical_data_claim_12_neutral_ctrl,12,6.449610074361165,residual_stream,UMAP,3,50,,15,0.1,N/A,full
llama3.2-3b-config_cs_suite_reduce_umap_residual_3d-02,logical_data_claim_12_pos_mod_cs,logical_data_claim_12_pos_mod_cs,logical_data_claim_12_neutral_ctrl,13,7.328563372294108,residual_stream,UMAP,3,50,,15,0.1,N/A,full
llama3.2-3b-config_cs_suite_reduce_umap_residual_3d-02,logical_data_claim_12_pos_mod_cs,logical_data_claim_12_pos_mod_cs,logical_data_claim_12_neutral_ctrl,14,8.30338223775228,residual_stream,UMAP,3,50,,15,0.1,N/A,full
llama3.2-3b-config_cs_suite_reduce_umap_residual_3d-02,logical_data_claim_12_pos_mod_cs,logical_data_claim_12_pos_mod_cs,logical_data_claim_12_neutral_ctrl,15,9.68139002058241,residual_stream,UMAP,3,50,,15,0.1,N/A,full
llama3.2-3b-config_cs_suite_reduce_umap_residual_3d-02,logical_data_claim_12_pos_mod_cs,logical_data_claim_12_pos_mod_cs,logical_data_claim_12_neutral_ctrl,16,10.80208428700765,residual_stream,UMAP,3,50,,15,0.1,N/A,full
llama3.2-3b-config_cs_suite_reduce_umap_residual_3d-02,logical_data_claim_12_pos_mod_cs,logical_data_claim_12_pos_mod_cs,logical_data_claim_12_neutral_ctrl,17,11.974949730767143,residual_stream,UMAP,3,50,,15,0.1,N/A,full
llama3.2-3b-config_cs_suite_reduce_umap_residual_3d-02,logical_data_claim_12_pos_mod_cs,logical_data_claim_12_pos_mod_cs,logical_data_claim_12_neutral_ctrl,18,13.210070927937826,residual_stream,UMAP,3,50,,15,0.1,N/A,full
llama3.2-3b-config_cs_suite_reduce_umap_residual_3d-02,logical_data_claim_12_pos_mod_cs,logical_data_claim_12_pos_mod_cs,logical_data_claim_12_neutral_ctrl,19,15.143926196628147,residual_stream,UMAP,3,50,,15,0.1,N/A,full
llama3.2-3b-config_cs_suite_reduce_umap_residual_3d-02,logical_data_claim_12_pos_mod_cs,logical_data_claim_12_pos_mod_cs,logical_data_claim_12_neutral_ctrl,20,16.720692316691082,residual_stream,UMAP,3,50,,15,0.1,N/A,full
llama3.2-3b-config_cs_suite_reduce_umap_residual_3d-02,logical_data_claim_12_pos_mod_cs,logical_data_claim_12_pos_mod_cs,logical_data_claim_12_neutral_ctrl,21,17.839863459269207,residual_stream,UMAP,3,50,,15,0.1,N/A,full
llama3.2-3b-config_cs_suite_reduce_umap_residual_3d-02,logical_data_claim_12_pos_mod_cs,logical_data_claim_12_pos_mod_cs,logical_data_claim_12_neutral_ctrl,22,19.419577492607964,residual_stream,UMAP,3,50,,15,0.1,N/A,full
llama3.2-3b-config_cs_suite_reduce_umap_residual_3d-02,logical_data_claim_12_pos_mod_cs,logical_data_claim_12_pos_mod_cs,logical_data_claim_12_neutral_ctrl,23,20.985880533854168,residual_stream,UMAP,3,50,,15,0.1,N/A,full
llama3.2-3b-config_cs_suite_reduce_umap_residual_3d-02,logical_data_claim_12_pos_mod_cs,logical_data_claim_12_pos_mod_cs,logical_data_claim_12_neutral_ctrl,24,22.788008371988933,residual_stream,UMAP,3,50,,15,0.1,N/A,full
llama3.2-3b-config_cs_suite_reduce_umap_residual_3d-02,logical_data_claim_12_pos_mod_cs,logical_data_claim_12_pos_mod_cs,logical_data_claim_12_neutral_ctrl,25,24.87527741326226,residual_stream,UMAP,3,50,,15,0.1,N/A,full
llama3.2-3b-config_cs_suite_reduce_umap_residual_3d-02,logical_data_claim_12_pos_mod_cs,logical_data_claim_12_pos_mod_cs,logical_data_claim_12_neutral_ctrl,26,27.376387278238933,residual_stream,UMAP,3,50,,15,0.1,N/A,full
llama3.2-3b-config_cs_suite_reduce_umap_residual_3d-02,logical_data_claim_12_pos_mod_cs,logical_data_claim_12_pos_mod_cs,logical_data_claim_12_neutral_ctrl,27,35.65099673800998,residual_stream,UMAP,3,50,,15,0.1,N/A,full
llama3.2-3b-config_cs_suite_reduce_umap_residual_3d-02,logical_data_claim_12_pos_mod_cs,logical_data_claim_12_pos_mod_cs,logical_data_claim_12_neutral_ctrl,0,1.8097011513180203,residual_stream,UMAP,3,50,,15,0.1,N/A,full
llama3.2-3b-config_cs_suite_reduce_umap_residual_3d-02,logical_data_claim_12_pos_mod_cs,logical_data_claim_12_pos_mod_cs,logical_data_claim_12_neutral_ctrl,1,2.3624360296461315,residual_stream,UMAP,3,50,,15,0.1,N/A,full
llama3.2-3b-config_cs_suite_reduce_umap_residual_3d-02,logical_data_claim_12_pos_mod_cs,logical_data_claim_12_pos_mod_cs,logical_data_claim_12_neutral_ctrl,2,3.2444824642605252,residual_stream,UMAP,3,50,,15,0.1,N/A,full
llama3.2-3b-config_cs_suite_reduce_umap_residual_3d-02,logical_data_claim_12_pos_mod_cs,logical_data_claim_12_pos_mod_cs,logical_data_claim_12_neutral_ctrl,3,3.9599982367621527,residual_stream,UMAP,3,50,,15,0.1,N/A,full
llama3.2-3b-config_cs_suite_reduce_umap_residual_3d-02,logical_data_claim_12_pos_mod_cs,logical_data_claim_12_pos_mod_cs,logical_data_claim_12_neutral_ctrl,4,4.449582576751709,residual_stream,UMAP,3,50,,15,0.1,N/A,full
llama3.2-3b-config_cs_suite_reduce_umap_residual_3d-02,logical_data_claim_12_pos_mod_cs,logical_data_claim_12_pos_mod_cs,logical_data_claim_12_neutral_ctrl,5,4.73556481467353,residual_stream,UMAP,3,50,,15,0.1,N/A,full
llama3.2-3b-config_cs_suite_reduce_umap_residual_3d-02,logical_data_claim_12_pos_mod_cs,logical_data_claim_12_pos_mod_cs,logical_data_claim_12_neutral_ctrl,6,5.047258059183757,residual_stream,UMAP,3,50,,15,0.1,N/A,full
llama3.2-3b-config_cs_suite_reduce_umap_residual_3d-02,logical_data_claim_12_pos_mod_cs,logical_data_claim_12_pos_mod_cs,logical_data_claim_12_neutral_ctrl,7,5.3802343474494085,residual_stream,UMAP,3,50,,15,0.1,N/A,full
llama3.2-3b-config_cs_suite_reduce_umap_residual_3d-02,logical_data_claim_12_pos_mod_cs,logical_data_claim_12_pos_mod_cs,logical_data_claim_12_neutral_ctrl,8,5.566987037658691,residual_stream,UMAP,3,50,,15,0.1,N/A,full
llama3.2-3b-config_cs_suite_reduce_umap_residual_3d-02,logical_data_claim_12_pos_mod_cs,logical_data_claim_12_pos_mod_cs,logical_data_claim_12_neutral_ctrl,9,5.5702804989284935,residual_stream,UMAP,3,50,,15,0.1,N/A,full
llama3.2-3b-config_cs_suite_reduce_umap_residual_3d-02,logical_data_claim_12_pos_mod_cs,logical_data_claim_12_pos_mod_cs,logical_data_claim_12_neutral_ctrl,10,5.63961574766371,residual_stream,UMAP,3,50,,15,0.1,N/A,full
llama3.2-3b-config_cs_suite_reduce_umap_residual_3d-02,logical_data_claim_12_pos_mod_cs,logical_data_claim_12_pos_mod_cs,logical_data_claim_12_neutral_ctrl,11,6.035986158582899,residual_stream,UMAP,3,50,,15,0.1,N/A,full
llama3.2-3b-config_cs_suite_reduce_umap_residual_3d-02,logical_data_claim_12_pos_mod_cs,logical_data_claim_12_pos_mod_cs,logical_data_claim_12_neutral_ctrl,12,6.449610074361165,residual_stream,UMAP,3,50,,15,0.1,N/A,full
llama3.2-3b-config_cs_suite_reduce_umap_residual_3d-02,logical_data_claim_12_pos_mod_cs,logical_data_claim_12_pos_mod_cs,logical_data_claim_12_neutral_ctrl,13,7.328563372294108,residual_stream,UMAP,3,50,,15,0.1,N/A,full
llama3.2-3b-config_cs_suite_reduce_umap_residual_3d-02,logical_data_claim_12_pos_mod_cs,logical_data_claim_12_pos_mod_cs,logical_data_claim_12_neutral_ctrl,14,8.30338223775228,residual_stream,UMAP,3,50,,15,0.1,N/A,full
llama3.2-3b-config_cs_suite_reduce_umap_residual_3d-02,logical_data_claim_12_pos_mod_cs,logical_data_claim_12_pos_mod_cs,logical_data_claim_12_neutral_ctrl,15,9.68139002058241,residual_stream,UMAP,3,50,,15,0.1,N/A,full
llama3.2-3b-config_cs_suite_reduce_umap_residual_3d-02,logical_data_claim_12_pos_mod_cs,logical_data_claim_12_pos_mod_cs,logical_data_claim_12_neutral_ctrl,16,10.80208428700765,residual_stream,UMAP,3,50,,15,0.1,N/A,full
llama3.2-3b-config_cs_suite_reduce_umap_residual_3d-02,logical_data_claim_12_pos_mod_cs,logical_data_claim_12_pos_mod_cs,logical_data_claim_12_neutral_ctrl,17,11.974949730767143,residual_stream,UMAP,3,50,,15,0.1,N/A,full
llama3.2-3b-config_cs_suite_reduce_umap_residual_3d-02,logical_data_claim_12_pos_mod_cs,logical_data_claim_12_pos_mod_cs,logical_data_claim_12_neutral_ctrl,18,13.210070927937826,residual_stream,UMAP,3,50,,15,0.1,N/A,full
llama3.2-3b-config_cs_suite_reduce_umap_residual_3d-02,logical_data_claim_12_pos_mod_cs,logical_data_claim_12_pos_mod_cs,logical_data_claim_12_neutral_ctrl,19,15.143926196628147,residual_stream,UMAP,3,50,,15,0.1,N/A,full
llama3.2-3b-config_cs_suite_reduce_umap_residual_3d-02,logical_data_claim_12_pos_mod_cs,logical_data_claim_12_pos_mod_cs,logical_data_claim_12_neutral_ctrl,20,16.720692316691082,residual_stream,UMAP,3,50,,15,0.1,N/A,full
llama3.2-3b-config_cs_suite_reduce_umap_residual_3d-02,logical_data_claim_12_pos_mod_cs,logical_data_claim_12_pos_mod_cs,logical_data_claim_12_neutral_ctrl,21,17.839863459269207,residual_stream,UMAP,3,50,,15,0.1,N/A,full
llama3.2-3b-config_cs_suite_reduce_umap_residual_3d-02,logical_data_claim_12_pos_mod_cs,logical_data_claim_12_pos_mod_cs,logical_data_claim_12_neutral_ctrl,22,19.419577492607964,residual_stream,UMAP,3,50,,15,0.1,N/A,full
llama3.2-3b-config_cs_suite_reduce_umap_residual_3d-02,logical_data_claim_12_pos_mod_cs,logical_data_claim_12_pos_mod_cs,logical_data_claim_12_neutral_ctrl,23,20.985880533854168,residual_stream,UMAP,3,50,,15,0.1,N/A,full
llama3.2-3b-config_cs_suite_reduce_umap_residual_3d-02,logical_data_claim_12_pos_mod_cs,logical_data_claim_12_pos_mod_cs,logical_data_claim_12_neutral_ctrl,24,22.788008371988933,residual_stream,UMAP,3,50,,15,0.1,N/A,full
llama3.2-3b-config_cs_suite_reduce_umap_residual_3d-02,logical_data_claim_12_pos_mod_cs,logical_data_claim_12_pos_mod_cs,logical_data_claim_12_neutral_ctrl,25,24.87527741326226,residual_stream,UMAP,3,50,,15,0.1,N/A,full
llama3.2-3b-config_cs_suite_reduce_umap_residual_3d-02,logical_data_claim_12_pos_mod_cs,logical_data_claim_12_pos_mod_cs,logical_data_claim_12_neutral_ctrl,26,27.376387278238933,residual_stream,UMAP,3,50,,15,0.1,N/A,full
llama3.2-3b-config_cs_suite_reduce_umap_residual_3d-02,logical_data_claim_12_pos_mod_cs,logical_data_claim_12_pos_mod_cs,logical_data_claim_12_neutral_ctrl,27,35.65099673800998,residual_stream,UMAP,3,50,,15,0.1,N/A,full
